run_id,start_sec,end_sec,y_true,prob_raw,prob_smooth,pred
sub-HUP164_ses-presurgery_task-ictal_acq-seeg_run-03,0.0,3.0,0,0.21496724,0.2130022,0
sub-HUP164_ses-presurgery_task-ictal_acq-seeg_run-03,1.0,4.0,0,0.21520372,0.20945768,0
sub-HUP164_ses-presurgery_task-ictal_acq-seeg_run-03,2.0,5.0,0,0.20490557,0.20649512,0
sub-HUP164_ses-presurgery_task-ictal_acq-seeg_run-03,3.0,6.0,0,0.19724466,0.2025131,0
sub-HUP164_ses-presurgery_task-ictal_acq-seeg_run-03,4.0,7.0,0,0.20015442,0.19789974,0
sub-HUP164_ses-presurgery_task-ictal_acq-seeg_run-03,5.0,8.0,0,0.19505712,0.19487083,0
sub-HUP164_ses-presurgery_task-ictal_acq-seeg_run-03,6.0,9.0,0,0.19213699,0.1940901,0
sub-HUP164_ses-presurgery_task-ictal_acq-seeg_run-03,7.0,10.0,0,0.18976088,0.19446437,0
sub-HUP164_ses-presurgery_task-ictal_acq-seeg_run-03,8.0,11.0,0,0.19334103,0.19493072,0
sub-HUP164_ses-presurgery_task-ictal_acq-seeg_run-03,9.0,12.0,0,0.20202586,0.19502044,0
sub-HUP164_ses-presurgery_task-ictal_acq-seeg_run-03,10.0,13.0,0,0.19738884,0.19479626,0
sub-HUP164_ses-presurgery_task-ictal_acq-seeg_run-03,11.0,14.0,0,0.19258557,0.19436935,0
sub-HUP164_ses-presurgery_task-ictal_acq-seeg_run-03,12.0,15.0,0,0.18864001,0.19208467,0
sub-HUP164_ses-presurgery_task-ictal_acq-seeg_run-03,13.0,16.0,0,0.19120649,0.19175966,0
sub-HUP164_ses-presurgery_task-ictal_acq-seeg_run-03,14.0,17.0,0,0.19060236,0.19282977,0
sub-HUP164_ses-presurgery_task-ictal_acq-seeg_run-03,15.0,18.0,0,0.19576384,0.19441172,0
sub-HUP164_ses-presurgery_task-ictal_acq-seeg_run-03,16.0,19.0,0,0.19793616,0.19577979,0
sub-HUP164_ses-presurgery_task-ictal_acq-seeg_run-03,17.0,20.0,0,0.19654974,0.19850214,0
sub-HUP164_ses-presurgery_task-ictal_acq-seeg_run-03,18.0,21.0,0,0.1980468,0.20164031,0
sub-HUP164_ses-presurgery_task-ictal_acq-seeg_run-03,19.0,22.0,0,0.20421416,0.20562798,0
sub-HUP164_ses-presurgery_task-ictal_acq-seeg_run-03,20.0,23.0,0,0.2114547,0.20609668,0
sub-HUP164_ses-presurgery_task-ictal_acq-seeg_run-03,21.0,24.0,0,0.21787445,0.20544863,0
sub-HUP164_ses-presurgery_task-ictal_acq-seeg_run-03,22.0,25.0,0,0.19889328,0.2026786,0
sub-HUP164_ses-presurgery_task-ictal_acq-seeg_run-03,23.0,26.0,0,0.1948066,0.1990529,0
sub-HUP164_ses-presurgery_task-ictal_acq-seeg_run-03,24.0,27.0,0,0.19036396,0.19526616,0
sub-HUP164_ses-presurgery_task-ictal_acq-seeg_run-03,25.0,28.0,0,0.1933262,0.19665378,0
sub-HUP164_ses-presurgery_task-ictal_acq-seeg_run-03,26.0,29.0,0,0.1989408,0.19753096,0
sub-HUP164_ses-presurgery_task-ictal_acq-seeg_run-03,27.0,30.0,0,0.20583129,0.19939882,0
sub-HUP164_ses-presurgery_task-ictal_acq-seeg_run-03,28.0,31.0,0,0.19919254,0.19930601,0
sub-HUP164_ses-presurgery_task-ictal_acq-seeg_run-03,29.0,32.0,0,0.19970316,0.19734056,0
sub-HUP164_ses-presurgery_task-ictal_acq-seeg_run-03,30.0,33.0,0,0.1928623,0.19407405,0
sub-HUP164_ses-presurgery_task-ictal_acq-seeg_run-03,31.0,34.0,0,0.18911353,0.19275877,0
sub-HUP164_ses-presurgery_task-ictal_acq-seeg_run-03,32.0,35.0,0,0.18949875,0.19261032,0
sub-HUP164_ses-presurgery_task-ictal_acq-seeg_run-03,33.0,36.0,0,0.19261616,0.19191286,0
sub-HUP164_ses-presurgery_task-ictal_acq-seeg_run-03,34.0,37.0,0,0.19896086,0.1914439,0
sub-HUP164_ses-presurgery_task-ictal_acq-seeg_run-03,35.0,38.0,0,0.18937501,0.19101629,0
sub-HUP164_ses-presurgery_task-ictal_acq-seeg_run-03,36.0,39.0,0,0.18676868,0.19000329,0
sub-HUP164_ses-presurgery_task-ictal_acq-seeg_run-03,37.0,40.0,0,0.18736072,0.18846408,0
sub-HUP164_ses-presurgery_task-ictal_acq-seeg_run-03,38.0,41.0,0,0.18755114,0.188322,0
sub-HUP164_ses-presurgery_task-ictal_acq-seeg_run-03,39.0,42.0,0,0.19126482,0.18871848,0
sub-HUP164_ses-presurgery_task-ictal_acq-seeg_run-03,40.0,43.0,0,0.18866454,0.18782699,0
sub-HUP164_ses-presurgery_task-ictal_acq-seeg_run-03,41.0,44.0,0,0.18875116,0.18933222,0
sub-HUP164_ses-presurgery_task-ictal_acq-seeg_run-03,42.0,45.0,0,0.18290327,0.19366278,0
sub-HUP164_ses-presurgery_task-ictal_acq-seeg_run-03,43.0,46.0,0,0.19507727,0.20006424,0
sub-HUP164_ses-presurgery_task-ictal_acq-seeg_run-03,44.0,47.0,0,0.21291761,0.20269258,0
sub-HUP164_ses-presurgery_task-ictal_acq-seeg_run-03,45.0,48.0,0,0.2206719,0.2044181,0
sub-HUP164_ses-presurgery_task-ictal_acq-seeg_run-03,46.0,49.0,0,0.20189282,0.20299777,0
sub-HUP164_ses-presurgery_task-ictal_acq-seeg_run-03,47.0,50.0,0,0.19153082,0.197195,0
sub-HUP164_ses-presurgery_task-ictal_acq-seeg_run-03,48.0,51.0,0,0.18797572,0.1898089,0
sub-HUP164_ses-presurgery_task-ictal_acq-seeg_run-03,49.0,52.0,0,0.18390375,0.18577883,0
sub-HUP164_ses-presurgery_task-ictal_acq-seeg_run-03,50.0,53.0,0,0.18374135,0.18368945,0
sub-HUP164_ses-presurgery_task-ictal_acq-seeg_run-03,51.0,54.0,0,0.18174244,0.1842936,0
sub-HUP164_ses-presurgery_task-ictal_acq-seeg_run-03,52.0,55.0,0,0.18108387,0.18819818,0
sub-HUP164_ses-presurgery_task-ictal_acq-seeg_run-03,53.0,56.0,0,0.1909965,0.19221786,0
sub-HUP164_ses-presurgery_task-ictal_acq-seeg_run-03,54.0,57.0,0,0.2034267,0.19461784,0
sub-HUP164_ses-presurgery_task-ictal_acq-seeg_run-03,55.0,58.0,0,0.20383975,0.19619161,0
sub-HUP164_ses-presurgery_task-ictal_acq-seeg_run-03,56.0,59.0,0,0.19374238,0.19538759,0
sub-HUP164_ses-presurgery_task-ictal_acq-seeg_run-03,57.0,60.0,0,0.18895271,0.19191056,0
sub-HUP164_ses-presurgery_task-ictal_acq-seeg_run-03,58.0,61.0,0,0.18697642,0.189601,0
sub-HUP164_ses-presurgery_task-ictal_acq-seeg_run-03,59.0,62.0,0,0.18604155,0.19247743,0
sub-HUP164_ses-presurgery_task-ictal_acq-seeg_run-03,60.0,63.0,0,0.19229187,0.19557402,0
sub-HUP164_ses-presurgery_task-ictal_acq-seeg_run-03,61.0,64.0,0,0.20812462,0.19730662,0
sub-HUP164_ses-presurgery_task-ictal_acq-seeg_run-03,62.0,65.0,0,0.20443562,0.19998117,0
sub-HUP164_ses-presurgery_task-ictal_acq-seeg_run-03,63.0,66.0,0,0.19563943,0.20194565,0
sub-HUP164_ses-presurgery_task-ictal_acq-seeg_run-03,64.0,67.0,0,0.19941428,0.20382531,0
sub-HUP164_ses-presurgery_task-ictal_acq-seeg_run-03,65.0,68.0,0,0.20211428,0.20681696,0
sub-HUP164_ses-presurgery_task-ictal_acq-seeg_run-03,66.0,69.0,0,0.21752292,0.21206455,0
sub-HUP164_ses-presurgery_task-ictal_acq-seeg_run-03,67.0,70.0,0,0.2193939,0.21603794,0
sub-HUP164_ses-presurgery_task-ictal_acq-seeg_run-03,68.0,71.0,0,0.22187741,0.22164507,0
sub-HUP164_ses-presurgery_task-ictal_acq-seeg_run-03,69.0,72.0,0,0.21928126,0.2271868,0
sub-HUP164_ses-presurgery_task-ictal_acq-seeg_run-03,70.0,73.0,0,0.23014994,0.23194808,0
sub-HUP164_ses-presurgery_task-ictal_acq-seeg_run-03,71.0,74.0,0,0.24523151,0.2294316,0
sub-HUP164_ses-presurgery_task-ictal_acq-seeg_run-03,72.0,75.0,0,0.24320023,0.2245434,0
sub-HUP164_ses-presurgery_task-ictal_acq-seeg_run-03,73.0,76.0,0,0.20929511,0.21611398,0
sub-HUP164_ses-presurgery_task-ictal_acq-seeg_run-03,74.0,77.0,0,0.19484015,0.20462543,0
sub-HUP164_ses-presurgery_task-ictal_acq-seeg_run-03,75.0,78.0,0,0.1880029,0.19404972,0
sub-HUP164_ses-presurgery_task-ictal_acq-seeg_run-03,76.0,79.0,0,0.18778874,0.19087796,0
sub-HUP164_ses-presurgery_task-ictal_acq-seeg_run-03,77.0,80.0,0,0.19032168,0.19265082,0
sub-HUP164_ses-presurgery_task-ictal_acq-seeg_run-03,78.0,81.0,0,0.19343637,0.19620991,0
sub-HUP164_ses-presurgery_task-ictal_acq-seeg_run-03,79.0,82.0,0,0.20370437,0.1972929,0
sub-HUP164_ses-presurgery_task-ictal_acq-seeg_run-03,80.0,83.0,0,0.20579833,0.196064,0
sub-HUP164_ses-presurgery_task-ictal_acq-seeg_run-03,81.0,84.0,0,0.1932037,0.19403443,0
sub-HUP164_ses-presurgery_task-ictal_acq-seeg_run-03,82.0,85.0,0,0.18417719,0.19079794,0
sub-HUP164_ses-presurgery_task-ictal_acq-seeg_run-03,83.0,86.0,0,0.18328856,0.18850991,0
sub-HUP164_ses-presurgery_task-ictal_acq-seeg_run-03,84.0,87.0,0,0.18752185,0.19045982,0
sub-HUP164_ses-presurgery_task-ictal_acq-seeg_run-03,85.0,88.0,0,0.19435826,0.19361883,0
sub-HUP164_ses-presurgery_task-ictal_acq-seeg_run-03,86.0,89.0,0,0.2029532,0.19833432,0
sub-HUP164_ses-presurgery_task-ictal_acq-seeg_run-03,87.0,90.0,0,0.1999723,0.20067656,0
sub-HUP164_ses-presurgery_task-ictal_acq-seeg_run-03,88.0,91.0,0,0.20686595,0.20013112,0
sub-HUP164_ses-presurgery_task-ictal_acq-seeg_run-03,89.0,92.0,0,0.19923308,0.1965633,0
sub-HUP164_ses-presurgery_task-ictal_acq-seeg_run-03,90.0,93.0,0,0.19163112,0.19269441,0
sub-HUP164_ses-presurgery_task-ictal_acq-seeg_run-03,91.0,94.0,0,0.185114,0.18825713,0
sub-HUP164_ses-presurgery_task-ictal_acq-seeg_run-03,92.0,95.0,0,0.18062791,0.18789238,0
sub-HUP164_ses-presurgery_task-ictal_acq-seeg_run-03,93.0,96.0,0,0.18467948,0.19375348,0
sub-HUP164_ses-presurgery_task-ictal_acq-seeg_run-03,94.0,97.0,0,0.19740938,0.19837502,0
sub-HUP164_ses-presurgery_task-ictal_acq-seeg_run-03,95.0,98.0,0,0.22093657,0.20131871,0
sub-HUP164_ses-presurgery_task-ictal_acq-seeg_run-03,96.0,99.0,0,0.20822163,0.20135908,0
sub-HUP164_ses-presurgery_task-ictal_acq-seeg_run-03,97.0,100.0,0,0.19534646,0.19890483,0
sub-HUP164_ses-presurgery_task-ictal_acq-seeg_run-03,98.0,101.0,0,0.18488128,0.19182079,0
sub-HUP164_ses-presurgery_task-ictal_acq-seeg_run-03,99.0,102.0,0,0.18513812,0.18770392,0
sub-HUP164_ses-presurgery_task-ictal_acq-seeg_run-03,100.0,103.0,0,0.18551642,0.18542053,0
sub-HUP164_ses-presurgery_task-ictal_acq-seeg_run-03,101.0,104.0,0,0.18763737,0.18599004,0
sub-HUP164_ses-presurgery_task-ictal_acq-seeg_run-03,102.0,105.0,0,0.18392941,0.18813862,0
sub-HUP164_ses-presurgery_task-ictal_acq-seeg_run-03,103.0,106.0,0,0.18772888,0.18936785,0
sub-HUP164_ses-presurgery_task-ictal_acq-seeg_run-03,104.0,107.0,0,0.19588102,0.19090155,0
sub-HUP164_ses-presurgery_task-ictal_acq-seeg_run-03,105.0,108.0,0,0.19166252,0.19147319,0
sub-HUP164_ses-presurgery_task-ictal_acq-seeg_run-03,106.0,109.0,0,0.19530588,0.19233468,0
sub-HUP164_ses-presurgery_task-ictal_acq-seeg_run-03,107.0,110.0,0,0.1867876,0.18974152,0
sub-HUP164_ses-presurgery_task-ictal_acq-seeg_run-03,108.0,111.0,0,0.19203633,0.18923421,0
sub-HUP164_ses-presurgery_task-ictal_acq-seeg_run-03,109.0,112.0,0,0.18291523,0.1885122,0
sub-HUP164_ses-presurgery_task-ictal_acq-seeg_run-03,110.0,113.0,0,0.18912598,0.19202872,0
sub-HUP164_ses-presurgery_task-ictal_acq-seeg_run-03,111.0,114.0,0,0.19169587,0.19494528,0
sub-HUP164_ses-presurgery_task-ictal_acq-seeg_run-03,112.0,115.0,0,0.20437007,0.2028143,0
sub-HUP164_ses-presurgery_task-ictal_acq-seeg_run-03,113.0,116.0,0,0.20661917,0.20668054,0
sub-HUP164_ses-presurgery_task-ictal_acq-seeg_run-03,114.0,117.0,0,0.22226037,0.20896205,0
sub-HUP164_ses-presurgery_task-ictal_acq-seeg_run-03,115.0,118.0,0,0.2084572,0.20514795,0
sub-HUP164_ses-presurgery_task-ictal_acq-seeg_run-03,116.0,119.0,0,0.20310341,0.20143822,0
sub-HUP164_ses-presurgery_task-ictal_acq-seeg_run-03,117.0,120.0,0,0.18529958,0.19526112,0
sub-HUP164_ses-presurgery_task-ictal_acq-seeg_run-03,117.5,120.5,0,0.18807055,0.19411975,0
sub-HUP164_ses-presurgery_task-ictal_acq-seeg_run-03,118.0,121.0,0,0.19137484,0.19518451,0
sub-HUP164_ses-presurgery_task-ictal_acq-seeg_run-03,118.5,121.5,1,0.20275036,0.20394579,0
sub-HUP164_ses-presurgery_task-ictal_acq-seeg_run-03,119.0,122.0,1,0.20842725,0.21533626,0
sub-HUP164_ses-presurgery_task-ictal_acq-seeg_run-03,119.5,122.5,1,0.2291059,0.22951621,0
sub-HUP164_ses-presurgery_task-ictal_acq-seeg_run-03,120.0,123.0,1,0.24502291,0.24664085,0
sub-HUP164_ses-presurgery_task-ictal_acq-seeg_run-03,120.5,123.5,1,0.2622746,0.2677041,1
sub-HUP164_ses-presurgery_task-ictal_acq-seeg_run-03,121.0,124.0,1,0.28837353,0.2940095,1
sub-HUP164_ses-presurgery_task-ictal_acq-seeg_run-03,121.5,124.5,1,0.31374356,0.32141206,1
sub-HUP164_ses-presurgery_task-ictal_acq-seeg_run-03,122.0,125.0,1,0.3606329,0.34657353,1
sub-HUP164_ses-presurgery_task-ictal_acq-seeg_run-03,122.5,125.5,1,0.3820356,0.36908102,1
sub-HUP164_ses-presurgery_task-ictal_acq-seeg_run-03,123.0,126.0,1,0.388082,0.38687798,1
sub-HUP164_ses-presurgery_task-ictal_acq-seeg_run-03,123.5,126.5,1,0.40091103,0.39500234,1
sub-HUP164_ses-presurgery_task-ictal_acq-seeg_run-03,124.0,127.0,1,0.40272844,0.3987636,1
sub-HUP164_ses-presurgery_task-ictal_acq-seeg_run-03,124.5,127.5,1,0.40125453,0.40127742,1
sub-HUP164_ses-presurgery_task-ictal_acq-seeg_run-03,125.0,128.0,1,0.40084183,0.40152565,1
sub-HUP164_ses-presurgery_task-ictal_acq-seeg_run-03,125.5,128.5,1,0.40065128,0.40178436,1
sub-HUP164_ses-presurgery_task-ictal_acq-seeg_run-03,126.0,129.0,1,0.4021521,0.40148816,1
sub-HUP164_ses-presurgery_task-ictal_acq-seeg_run-03,126.5,129.5,1,0.40402204,0.40063787,1
sub-HUP164_ses-presurgery_task-ictal_acq-seeg_run-03,127.0,130.0,1,0.39977354,0.39953953,1
sub-HUP164_ses-presurgery_task-ictal_acq-seeg_run-03,127.5,130.5,1,0.39659032,0.39768285,1
sub-HUP164_ses-presurgery_task-ictal_acq-seeg_run-03,128.0,131.0,1,0.39515963,0.39449713,1
sub-HUP164_ses-presurgery_task-ictal_acq-seeg_run-03,128.5,131.5,1,0.39286852,0.39171675,1
sub-HUP164_ses-presurgery_task-ictal_acq-seeg_run-03,129.0,132.0,1,0.38809362,0.39020574,1
sub-HUP164_ses-presurgery_task-ictal_acq-seeg_run-03,129.5,132.5,1,0.38587168,0.38882318,1
sub-HUP164_ses-presurgery_task-ictal_acq-seeg_run-03,130.0,133.0,1,0.38903514,0.38790774,1
sub-HUP164_ses-presurgery_task-ictal_acq-seeg_run-03,130.5,133.5,1,0.38824692,0.38789314,1
sub-HUP164_ses-presurgery_task-ictal_acq-seeg_run-03,131.0,134.0,1,0.3882913,0.387926,1
sub-HUP164_ses-presurgery_task-ictal_acq-seeg_run-03,131.5,134.5,1,0.3880206,0.38671094,1
sub-HUP164_ses-presurgery_task-ictal_acq-seeg_run-03,132.0,135.0,1,0.38603598,0.38200825,1
sub-HUP164_ses-presurgery_task-ictal_acq-seeg_run-03,132.5,135.5,1,0.3829599,0.37518445,1
sub-HUP164_ses-presurgery_task-ictal_acq-seeg_run-03,133.0,136.0,1,0.3647333,0.36640424,1
sub-HUP164_ses-presurgery_task-ictal_acq-seeg_run-03,133.5,136.5,1,0.35417238,0.355415,1
sub-HUP164_ses-presurgery_task-ictal_acq-seeg_run-03,134.0,137.0,1,0.34411952,0.3407991,1
sub-HUP164_ses-presurgery_task-ictal_acq-seeg_run-03,134.5,137.5,1,0.33108976,0.32727432,1
sub-HUP164_ses-presurgery_task-ictal_acq-seeg_run-03,135.0,138.0,1,0.3098805,0.31297797,1
sub-HUP164_ses-presurgery_task-ictal_acq-seeg_run-03,135.5,138.5,1,0.29710937,0.29974145,1
sub-HUP164_ses-presurgery_task-ictal_acq-seeg_run-03,136.0,139.0,1,0.28269067,0.28924295,1
sub-HUP164_ses-presurgery_task-ictal_acq-seeg_run-03,136.5,139.5,1,0.27793697,0.28289595,1
sub-HUP164_ses-presurgery_task-ictal_acq-seeg_run-03,137.0,140.0,1,0.2785972,0.28199404,1
sub-HUP164_ses-presurgery_task-ictal_acq-seeg_run-03,137.5,140.5,1,0.27814546,0.2874745,1
sub-HUP164_ses-presurgery_task-ictal_acq-seeg_run-03,138.0,141.0,1,0.29259995,0.2976733,1
sub-HUP164_ses-presurgery_task-ictal_acq-seeg_run-03,138.5,141.5,1,0.31009302,0.3108062,1
sub-HUP164_ses-presurgery_task-ictal_acq-seeg_run-03,139.0,142.0,1,0.32893088,0.32623053,1
sub-HUP164_ses-presurgery_task-ictal_acq-seeg_run-03,139.5,142.5,1,0.34426185,0.34222782,1
sub-HUP164_ses-presurgery_task-ictal_acq-seeg_run-03,140.0,143.0,1,0.355267,0.35592273,1
sub-HUP164_ses-presurgery_task-ictal_acq-seeg_run-03,140.5,143.5,1,0.37258625,0.36540726,1
sub-HUP164_ses-presurgery_task-ictal_acq-seeg_run-03,141.0,144.0,1,0.37856773,0.3719952,1
sub-HUP164_ses-presurgery_task-ictal_acq-seeg_run-03,141.5,144.5,1,0.3763534,0.37528202,1
sub-HUP164_ses-presurgery_task-ictal_acq-seeg_run-03,142.0,145.0,1,0.37720174,0.37424913,1
sub-HUP164_ses-presurgery_task-ictal_acq-seeg_run-03,142.5,145.5,1,0.3717009,0.36985907,1
sub-HUP164_ses-presurgery_task-ictal_acq-seeg_run-03,143.0,146.0,1,0.3674218,0.36370498,1
sub-HUP164_ses-presurgery_task-ictal_acq-seeg_run-03,143.5,146.5,1,0.35661745,0.3529949,1
sub-HUP164_ses-presurgery_task-ictal_acq-seeg_run-03,144.0,147.0,1,0.34558293,0.3403178,1
sub-HUP164_ses-presurgery_task-ictal_acq-seeg_run-03,144.5,147.5,1,0.3236513,0.3271627,1
sub-HUP164_ses-presurgery_task-ictal_acq-seeg_run-03,145.0,148.0,1,0.3083154,0.31515366,1
sub-HUP164_ses-presurgery_task-ictal_acq-seeg_run-03,145.5,148.5,1,0.3016465,0.30302492,1
sub-HUP164_ses-presurgery_task-ictal_acq-seeg_run-03,146.0,149.0,1,0.2965722,0.2944987,1
sub-HUP164_ses-presurgery_task-ictal_acq-seeg_run-03,146.5,149.5,1,0.28493908,0.29159945,1
sub-HUP164_ses-presurgery_task-ictal_acq-seeg_run-03,147.0,150.0,1,0.28102037,0.2921715,1
sub-HUP164_ses-presurgery_task-ictal_acq-seeg_run-03,147.5,150.5,1,0.2938191,0.29532513,1
sub-HUP164_ses-presurgery_task-ictal_acq-seeg_run-03,148.0,151.0,1,0.3045068,0.3022997,1
sub-HUP164_ses-presurgery_task-ictal_acq-seeg_run-03,148.5,151.5,1,0.31234032,0.3089125,1
sub-HUP164_ses-presurgery_task-ictal_acq-seeg_run-03,149.0,152.0,1,0.31981197,0.3103876,1
sub-HUP164_ses-presurgery_task-ictal_acq-seeg_run-03,149.5,152.5,1,0.31408423,0.30659252,1
sub-HUP164_ses-presurgery_task-ictal_acq-seeg_run-03,150.0,153.0,1,0.3011946,0.29984716,1
sub-HUP164_ses-presurgery_task-ictal_acq-seeg_run-03,150.5,153.5,1,0.2855314,0.29228663,1
sub-HUP164_ses-presurgery_task-ictal_acq-seeg_run-03,151.0,154.0,1,0.27861348,0.2875575,1
sub-HUP164_ses-presurgery_task-ictal_acq-seeg_run-03,151.5,154.5,1,0.28200936,0.28958556,1
sub-HUP164_ses-presurgery_task-ictal_acq-seeg_run-03,152.0,155.0,1,0.29043862,0.2998646,1
sub-HUP164_ses-presurgery_task-ictal_acq-seeg_run-03,152.5,155.5,1,0.31133494,0.31587648,1
sub-HUP164_ses-presurgery_task-ictal_acq-seeg_run-03,153.0,156.0,1,0.33692646,0.3344202,1
sub-HUP164_ses-presurgery_task-ictal_acq-seeg_run-03,153.5,156.5,1,0.358673,0.35206276,1
sub-HUP164_ses-presurgery_task-ictal_acq-seeg_run-03,154.0,157.0,1,0.37472796,0.3689159,1
sub-HUP164_ses-presurgery_task-ictal_acq-seeg_run-03,154.5,157.5,1,0.37865153,0.38236707,1
sub-HUP164_ses-presurgery_task-ictal_acq-seeg_run-03,155.0,158.0,1,0.39560035,0.39329213,1
sub-HUP164_ses-presurgery_task-ictal_acq-seeg_run-03,155.5,158.5,1,0.40418246,0.40147975,1
sub-HUP164_ses-presurgery_task-ictal_acq-seeg_run-03,156.0,159.0,1,0.41329837,0.41307402,1
sub-HUP164_ses-presurgery_task-ictal_acq-seeg_run-03,156.5,159.5,1,0.4156659,0.42481354,1
sub-HUP164_ses-presurgery_task-ictal_acq-seeg_run-03,157.0,160.0,1,0.43662295,0.43444455,1
sub-HUP164_ses-presurgery_task-ictal_acq-seeg_run-03,157.5,160.5,1,0.45429796,0.44292486,1
sub-HUP164_ses-presurgery_task-ictal_acq-seeg_run-03,158.0,161.0,1,0.4523375,0.45346007,1
sub-HUP164_ses-presurgery_task-ictal_acq-seeg_run-03,158.5,161.5,1,0.45569983,0.46380726,1
sub-HUP164_ses-presurgery_task-ictal_acq-seeg_run-03,159.0,162.0,1,0.46834198,0.4728484,1
sub-HUP164_ses-presurgery_task-ictal_acq-seeg_run-03,159.5,162.5,1,0.48835883,0.48436588,1
sub-HUP164_ses-presurgery_task-ictal_acq-seeg_run-03,160.0,163.0,1,0.49950376,0.498015,1
sub-HUP164_ses-presurgery_task-ictal_acq-seeg_run-03,160.5,163.5,1,0.50992495,0.50901216,1
sub-HUP164_ses-presurgery_task-ictal_acq-seeg_run-03,161.0,164.0,1,0.52394545,0.5121733,1
sub-HUP164_ses-presurgery_task-ictal_acq-seeg_run-03,161.5,164.5,1,0.52332777,0.5111901,1
sub-HUP164_ses-presurgery_task-ictal_acq-seeg_run-03,162.0,165.0,1,0.5041647,0.505857,1
sub-HUP164_ses-presurgery_task-ictal_acq-seeg_run-03,162.5,165.5,1,0.49458775,0.50035566,1
sub-HUP164_ses-presurgery_task-ictal_acq-seeg_run-03,163.0,166.0,1,0.4832593,0.4950062,1
sub-HUP164_ses-presurgery_task-ictal_acq-seeg_run-03,163.5,166.5,1,0.49643877,0.49867123,1
sub-HUP164_ses-presurgery_task-ictal_acq-seeg_run-03,164.0,167.0,1,0.49658054,0.5047059,1
sub-HUP164_ses-presurgery_task-ictal_acq-seeg_run-03,164.5,167.5,1,0.5224897,0.5131493,1
sub-HUP164_ses-presurgery_task-ictal_acq-seeg_run-03,165.0,168.0,1,0.52476126,0.5160114,1
sub-HUP164_ses-presurgery_task-ictal_acq-seeg_run-03,165.5,168.5,1,0.52547646,0.5227011,1
sub-HUP164_ses-presurgery_task-ictal_acq-seeg_run-03,166.0,169.0,1,0.51074916,0.52920145,1
sub-HUP164_ses-presurgery_task-ictal_acq-seeg_run-03,166.5,169.5,1,0.5300287,0.53743863,1
sub-HUP164_ses-presurgery_task-ictal_acq-seeg_run-03,167.0,170.0,1,0.5549916,0.5458715,1
sub-HUP164_ses-presurgery_task-ictal_acq-seeg_run-03,167.5,170.5,1,0.56594723,0.5587685,1
sub-HUP164_ses-presurgery_task-ictal_acq-seeg_run-03,168.0,171.0,1,0.56764054,0.5711061,1
sub-HUP164_ses-presurgery_task-ictal_acq-seeg_run-03,168.5,171.5,1,0.5752344,0.5709006,1
sub-HUP164_ses-presurgery_task-ictal_acq-seeg_run-03,169.0,172.0,1,0.59171635,0.561111,1
sub-HUP164_ses-presurgery_task-ictal_acq-seeg_run-03,169.5,172.5,1,0.55396444,0.5531762,1
sub-HUP164_ses-presurgery_task-ictal_acq-seeg_run-03,170.0,173.0,1,0.5169991,0.5470497,1
sub-HUP164_ses-presurgery_task-ictal_acq-seeg_run-03,170.5,173.5,1,0.5279668,0.53960186,1
sub-HUP164_ses-presurgery_task-ictal_acq-seeg_run-03,171.0,174.0,1,0.5446019,0.53609097,1
sub-HUP164_ses-presurgery_task-ictal_acq-seeg_run-03,171.5,174.5,1,0.554477,0.539898,1
sub-HUP164_ses-presurgery_task-ictal_acq-seeg_run-03,172.0,175.0,1,0.5364098,0.54430664,1
sub-HUP164_ses-presurgery_task-ictal_acq-seeg_run-03,172.5,175.5,1,0.5360344,0.5379628,1
sub-HUP164_ses-presurgery_task-ictal_acq-seeg_run-03,173.0,176.0,1,0.55001014,0.5259727,1
sub-HUP164_ses-presurgery_task-ictal_acq-seeg_run-03,173.5,176.5,1,0.51288277,0.5117699,1
sub-HUP164_ses-presurgery_task-ictal_acq-seeg_run-03,174.0,177.0,1,0.49452654,0.4975163,1
sub-HUP164_ses-presurgery_task-ictal_acq-seeg_run-03,174.5,177.5,1,0.46539536,0.48259008,1
sub-HUP164_ses-presurgery_task-ictal_acq-seeg_run-03,175.0,178.0,1,0.46476647,0.4743744,1
sub-HUP164_ses-presurgery_task-ictal_acq-seeg_run-03,175.5,178.5,1,0.4753792,0.46904123,1
sub-HUP164_ses-presurgery_task-ictal_acq-seeg_run-03,176.0,179.0,1,0.47180435,0.47072586,1
sub-HUP164_ses-presurgery_task-ictal_acq-seeg_run-03,176.5,179.5,1,0.46786073,0.47460878,1
sub-HUP164_ses-presurgery_task-ictal_acq-seeg_run-03,177.0,180.0,1,0.47381863,0.47841802,1
sub-HUP164_ses-presurgery_task-ictal_acq-seeg_run-03,177.5,180.5,1,0.4841811,0.48063612,1
sub-HUP164_ses-presurgery_task-ictal_acq-seeg_run-03,178.0,181.0,1,0.4944251,0.47994697,1
sub-HUP164_ses-presurgery_task-ictal_acq-seeg_run-03,178.5,181.5,1,0.48289496,0.47509965,1
sub-HUP164_ses-presurgery_task-ictal_acq-seeg_run-03,179.0,182.0,1,0.46441513,0.46282202,1
sub-HUP164_ses-presurgery_task-ictal_acq-seeg_run-03,179.5,182.5,1,0.44958207,0.44650903,1
sub-HUP164_ses-presurgery_task-ictal_acq-seeg_run-03,180.0,183.0,1,0.42279288,0.4268443,1
sub-HUP164_ses-presurgery_task-ictal_acq-seeg_run-03,180.5,183.5,1,0.4128601,0.40754777,1
sub-HUP164_ses-presurgery_task-ictal_acq-seeg_run-03,181.0,184.0,1,0.38457137,0.3894078,1
sub-HUP164_ses-presurgery_task-ictal_acq-seeg_run-03,181.5,184.5,1,0.36793244,0.37524676,1
sub-HUP164_ses-presurgery_task-ictal_acq-seeg_run-03,182.0,185.0,1,0.3588822,0.36199915,1
sub-HUP164_ses-presurgery_task-ictal_acq-seeg_run-03,182.5,185.5,1,0.3519876,0.35405764,1
sub-HUP164_ses-presurgery_task-ictal_acq-seeg_run-03,183.0,186.0,1,0.3466222,0.3484346,1
sub-HUP164_ses-presurgery_task-ictal_acq-seeg_run-03,183.5,186.5,1,0.34486377,0.34379306,1
sub-HUP164_ses-presurgery_task-ictal_acq-seeg_run-03,184.0,187.0,1,0.33981705,0.33942634,1
sub-HUP164_ses-presurgery_task-ictal_acq-seeg_run-03,184.5,187.5,1,0.3356746,0.33649734,1
sub-HUP164_ses-presurgery_task-ictal_acq-seeg_run-03,185.0,188.0,1,0.33015394,0.33518538,1
sub-HUP164_ses-presurgery_task-ictal_acq-seeg_run-03,185.5,188.5,1,0.3319772,0.33696625,1
sub-HUP164_ses-presurgery_task-ictal_acq-seeg_run-03,186.0,189.0,1,0.338304,0.3448774,1
sub-HUP164_ses-presurgery_task-ictal_acq-seeg_run-03,186.5,189.5,1,0.34872147,0.35945857,1
sub-HUP164_ses-presurgery_task-ictal_acq-seeg_run-03,187.0,190.0,1,0.37523025,0.37231532,1
sub-HUP164_ses-presurgery_task-ictal_acq-seeg_run-03,187.5,190.5,1,0.40305984,0.3808955,1
sub-HUP164_ses-presurgery_task-ictal_acq-seeg_run-03,188.0,191.0,1,0.39626086,0.38237238,1
sub-HUP164_ses-presurgery_task-ictal_acq-seeg_run-03,188.5,191.5,1,0.38120493,0.37249964,1
sub-HUP164_ses-presurgery_task-ictal_acq-seeg_run-03,189.0,192.0,1,0.35610592,0.34893647,1
sub-HUP164_ses-presurgery_task-ictal_acq-seeg_run-03,189.5,192.5,1,0.3258666,0.32330582,1
sub-HUP164_ses-presurgery_task-ictal_acq-seeg_run-03,190.0,193.0,1,0.28524405,0.30142874,1
sub-HUP164_ses-presurgery_task-ictal_acq-seeg_run-03,190.5,193.5,1,0.26810768,0.28229657,1
sub-HUP164_ses-presurgery_task-ictal_acq-seeg_run-03,191.0,194.0,1,0.2718194,0.2679028,1
sub-HUP164_ses-presurgery_task-ictal_acq-seeg_run-03,191.5,194.5,1,0.26044512,0.26033378,1
sub-HUP164_ses-presurgery_task-ictal_acq-seeg_run-03,192.0,195.0,1,0.25389764,0.2542746,1
sub-HUP164_ses-presurgery_task-ictal_acq-seeg_run-03,192.5,195.5,1,0.24739899,0.24230029,0
sub-HUP164_ses-presurgery_task-ictal_acq-seeg_run-03,193.0,196.0,1,0.23781186,0.23095728,0
sub-HUP164_ses-presurgery_task-ictal_acq-seeg_run-03,193.5,196.5,1,0.21194775,0.22004206,0
sub-HUP164_ses-presurgery_task-ictal_acq-seeg_run-03,194.0,197.0,1,0.20373018,0.21171683,0
sub-HUP164_ses-presurgery_task-ictal_acq-seeg_run-03,194.5,197.5,1,0.19932152,0.20526475,0
sub-HUP164_ses-presurgery_task-ictal_acq-seeg_run-03,195.0,198.0,1,0.20577283,0.20432463,0
sub-HUP164_ses-presurgery_task-ictal_acq-seeg_run-03,195.5,198.5,1,0.20555146,0.20488265,0
sub-HUP164_ses-presurgery_task-ictal_acq-seeg_run-03,196.0,199.0,1,0.2072471,0.20565997,0
sub-HUP164_ses-presurgery_task-ictal_acq-seeg_run-03,196.5,199.5,1,0.20652033,0.20386225,0
sub-HUP164_ses-presurgery_task-ictal_acq-seeg_run-03,197.0,200.0,1,0.2032081,0.20020352,0
sub-HUP164_ses-presurgery_task-ictal_acq-seeg_run-03,197.5,200.5,1,0.19678429,0.19314913,0
sub-HUP164_ses-presurgery_task-ictal_acq-seeg_run-03,198.0,201.0,1,0.18725775,0.1884814,0
sub-HUP164_ses-presurgery_task-ictal_acq-seeg_run-03,198.5,201.5,1,0.17197518,0.18450427,0
sub-HUP164_ses-presurgery_task-ictal_acq-seeg_run-03,199.0,202.0,1,0.18318169,0.18247804,0
sub-HUP164_ses-presurgery_task-ictal_acq-seeg_run-03,199.5,202.5,1,0.18332246,0.1838996,0
sub-HUP164_ses-presurgery_task-ictal_acq-seeg_run-03,200.0,203.0,1,0.18665314,0.18757533,0
sub-HUP164_ses-presurgery_task-ictal_acq-seeg_run-03,200.5,203.5,1,0.19436543,0.18919075,0
sub-HUP164_ses-presurgery_task-ictal_acq-seeg_run-03,201.0,204.0,1,0.19035392,0.19144256,0
sub-HUP164_ses-presurgery_task-ictal_acq-seeg_run-03,201.5,204.5,0,0.1912588,0.19339311,0
sub-HUP164_ses-presurgery_task-ictal_acq-seeg_run-03,202.0,205.0,0,0.19458152,0.19207086,0
sub-HUP164_ses-presurgery_task-ictal_acq-seeg_run-03,202.5,205.5,0,0.19640584,0.1908776,0
sub-HUP164_ses-presurgery_task-ictal_acq-seeg_run-03,203.0,206.0,0,0.18775417,0.18824995,0
sub-HUP164_ses-presurgery_task-ictal_acq-seeg_run-03,204.0,207.0,0,0.18438761,0.18603577,0
sub-HUP164_ses-presurgery_task-ictal_acq-seeg_run-03,205.0,208.0,0,0.17812052,0.18428284,0
sub-HUP164_ses-presurgery_task-ictal_acq-seeg_run-03,206.0,209.0,0,0.18351068,0.18130626,0
sub-HUP164_ses-presurgery_task-ictal_acq-seeg_run-03,207.0,210.0,0,0.18764116,0.18017599,0
sub-HUP164_ses-presurgery_task-ictal_acq-seeg_run-03,208.0,211.0,0,0.17287125,0.18076982,0
sub-HUP164_ses-presurgery_task-ictal_acq-seeg_run-03,209.0,212.0,0,0.17873627,0.18209358,0
sub-HUP164_ses-presurgery_task-ictal_acq-seeg_run-03,210.0,213.0,0,0.18108965,0.18275553,0
sub-HUP164_ses-presurgery_task-ictal_acq-seeg_run-03,211.0,214.0,0,0.1901295,0.18609719,0
sub-HUP164_ses-presurgery_task-ictal_acq-seeg_run-03,212.0,215.0,0,0.1909509,0.19223337,0
sub-HUP164_ses-presurgery_task-ictal_acq-seeg_run-03,213.0,216.0,0,0.18957958,0.19196898,0
sub-HUP164_ses-presurgery_task-ictal_acq-seeg_run-03,214.0,217.0,0,0.20941716,0.18844427,0
sub-HUP164_ses-presurgery_task-ictal_acq-seeg_run-03,215.0,218.0,0,0.17976765,0.18237823,0
sub-HUP164_ses-presurgery_task-ictal_acq-seeg_run-03,216.0,219.0,0,0.17250599,0.17851987,0
sub-HUP164_ses-presurgery_task-ictal_acq-seeg_run-03,217.0,220.0,0,0.16062072,0.17042214,0
sub-HUP164_ses-presurgery_task-ictal_acq-seeg_run-03,218.0,221.0,0,0.17028774,0.16822022,0
sub-HUP164_ses-presurgery_task-ictal_acq-seeg_run-03,219.0,222.0,0,0.16892847,0.1666842,0
sub-HUP164_ses-presurgery_task-ictal_acq-seeg_run-03,220.0,223.0,0,0.16875817,0.16930002,0
sub-HUP164_ses-presurgery_task-ictal_acq-seeg_run-03,221.0,224.0,0,0.16482584,0.16839516,0
sub-HUP164_ses-presurgery_task-ictal_acq-seeg_run-03,222.0,225.0,0,0.17369987,0.1693488,0
sub-HUP164_ses-presurgery_task-ictal_acq-seeg_run-03,223.0,226.0,0,0.16576341,0.16759174,0
sub-HUP164_ses-presurgery_task-ictal_acq-seeg_run-03,224.0,227.0,0,0.17369668,0.16762677,0
sub-HUP164_ses-presurgery_task-ictal_acq-seeg_run-03,225.0,228.0,0,0.15997283,0.16636732,0
sub-HUP164_ses-presurgery_task-ictal_acq-seeg_run-03,226.0,229.0,0,0.165001,0.16847311,0
sub-HUP164_ses-presurgery_task-ictal_acq-seeg_run-03,227.0,230.0,0,0.16740273,0.16656464,0
sub-HUP164_ses-presurgery_task-ictal_acq-seeg_run-03,228.0,231.0,0,0.17629229,0.16676413,0
sub-HUP164_ses-presurgery_task-ictal_acq-seeg_run-03,229.0,232.0,0,0.1641543,0.16688675,0
sub-HUP164_ses-presurgery_task-ictal_acq-seeg_run-03,230.0,233.0,0,0.16097033,0.1668986,0
sub-HUP164_ses-presurgery_task-ictal_acq-seeg_run-03,231.0,234.0,0,0.16561414,0.16575336,0
sub-HUP164_ses-presurgery_task-ictal_acq-seeg_run-03,232.0,235.0,0,0.16746187,0.1652398,0
sub-HUP164_ses-presurgery_task-ictal_acq-seeg_run-03,233.0,236.0,0,0.17056614,0.16664508,0
sub-HUP164_ses-presurgery_task-ictal_acq-seeg_run-03,234.0,237.0,0,0.1615865,0.16624549,0
sub-HUP164_ses-presurgery_task-ictal_acq-seeg_run-03,235.0,238.0,0,0.16799675,0.16560861,0
sub-HUP164_ses-presurgery_task-ictal_acq-seeg_run-03,236.0,239.0,0,0.16361621,0.16582699,0
sub-HUP164_ses-presurgery_task-ictal_acq-seeg_run-03,237.0,240.0,0,0.16427751,0.16760041,0
sub-HUP164_ses-presurgery_task-ictal_acq-seeg_run-03,238.0,241.0,0,0.17165804,0.16808724,0
sub-HUP164_ses-presurgery_task-ictal_acq-seeg_run-03,239.0,242.0,0,0.1704535,0.16724151,0
sub-HUP164_ses-presurgery_task-ictal_acq-seeg_run-03,240.0,243.0,0,0.17043096,0.16594505,0
sub-HUP164_ses-presurgery_task-ictal_acq-seeg_run-03,241.0,244.0,0,0.15938754,0.16581571,0
sub-HUP164_ses-presurgery_task-ictal_acq-seeg_run-03,242.0,245.0,0,0.15779522,0.16616891,0
sub-HUP164_ses-presurgery_task-ictal_acq-seeg_run-03,243.0,246.0,0,0.17101127,0.16876921,0
sub-HUP164_ses-presurgery_task-ictal_acq-seeg_run-03,244.0,247.0,0,0.1722195,0.17062937,0
sub-HUP164_ses-presurgery_task-ictal_acq-seeg_run-03,245.0,248.0,0,0.18343255,0.17335941,0
sub-HUP164_ses-presurgery_task-ictal_acq-seeg_run-03,246.0,249.0,0,0.16868831,0.17114428,0
sub-HUP164_ses-presurgery_task-ictal_acq-seeg_run-03,247.0,250.0,0,0.17144535,0.1685178,0
sub-HUP164_ses-presurgery_task-ictal_acq-seeg_run-03,248.0,251.0,0,0.15993565,0.16408125,0
sub-HUP164_ses-presurgery_task-ictal_acq-seeg_run-03,249.0,252.0,0,0.15908706,0.1638779,0
sub-HUP164_ses-presurgery_task-ictal_acq-seeg_run-03,250.0,253.0,0,0.16124974,0.16483736,0
sub-HUP164_ses-presurgery_task-ictal_acq-seeg_run-03,251.0,254.0,0,0.16767165,0.16515148,0
sub-HUP164_ses-presurgery_task-ictal_acq-seeg_run-03,252.0,255.0,0,0.17624263,0.1653945,0
sub-HUP164_ses-presurgery_task-ictal_acq-seeg_run-03,253.0,256.0,0,0.16150619,0.16470286,0
sub-HUP164_ses-presurgery_task-ictal_acq-seeg_run-03,254.0,257.0,0,0.1603023,0.16593422,0
sub-HUP164_ses-presurgery_task-ictal_acq-seeg_run-03,255.0,258.0,0,0.15779155,0.16669728,0
sub-HUP164_ses-presurgery_task-ictal_acq-seeg_run-03,256.0,259.0,0,0.17382835,0.16834998,0
sub-HUP164_ses-presurgery_task-ictal_acq-seeg_run-03,257.0,260.0,0,0.18005793,0.16974933,0
sub-HUP164_ses-presurgery_task-ictal_acq-seeg_run-03,258.0,261.0,0,0.16976972,0.17127411,0
sub-HUP164_ses-presurgery_task-ictal_acq-seeg_run-03,259.0,262.0,0,0.16729908,0.17469421,0
sub-HUP164_ses-presurgery_task-ictal_acq-seeg_run-03,260.0,263.0,0,0.16541547,0.17614982,0
sub-HUP164_ses-presurgery_task-interictal_acq-seeg_run-02,0.0,3.0,0,0.19092882,0.17923848,0
sub-HUP164_ses-presurgery_task-interictal_acq-seeg_run-02,1.0,4.0,0,0.18733594,0.18244015,0
sub-HUP164_ses-presurgery_task-interictal_acq-seeg_run-02,2.0,5.0,0,0.18521318,0.18634649,0
sub-HUP164_ses-presurgery_task-interictal_acq-seeg_run-02,3.0,6.0,0,0.18330729,0.18645348,0
sub-HUP164_ses-presurgery_task-interictal_acq-seeg_run-02,4.0,7.0,0,0.18494715,0.19062375,0
sub-HUP164_ses-presurgery_task-interictal_acq-seeg_run-02,5.0,8.0,0,0.19146374,0.19978324,0
sub-HUP164_ses-presurgery_task-interictal_acq-seeg_run-02,6.0,9.0,0,0.2081873,0.21155939,0
sub-HUP164_ses-presurgery_task-interictal_acq-seeg_run-02,7.0,10.0,0,0.23101069,0.22115451,0
sub-HUP164_ses-presurgery_task-interictal_acq-seeg_run-02,8.0,11.0,0,0.242188,0.22406162,0
sub-HUP164_ses-presurgery_task-interictal_acq-seeg_run-02,9.0,12.0,0,0.23292284,0.22213909,0
sub-HUP164_ses-presurgery_task-interictal_acq-seeg_run-02,10.0,13.0,0,0.20599926,0.21660641,0
sub-HUP164_ses-presurgery_task-interictal_acq-seeg_run-02,11.0,14.0,0,0.19857465,0.21379985,0
sub-HUP164_ses-presurgery_task-interictal_acq-seeg_run-02,12.0,15.0,0,0.2033473,0.22613342,0
sub-HUP164_ses-presurgery_task-interictal_acq-seeg_run-02,13.0,16.0,0,0.22815515,0.24807948,0
sub-HUP164_ses-presurgery_task-interictal_acq-seeg_run-02,14.0,17.0,0,0.29459074,0.26931024,1
sub-HUP164_ses-presurgery_task-interictal_acq-seeg_run-02,15.0,18.0,0,0.31572947,0.27834848,1
sub-HUP164_ses-presurgery_task-interictal_acq-seeg_run-02,16.0,19.0,0,0.30472845,0.27496555,1
sub-HUP164_ses-presurgery_task-interictal_acq-seeg_run-02,17.0,20.0,0,0.24853857,0.25705165,1
sub-HUP164_ses-presurgery_task-interictal_acq-seeg_run-02,18.0,21.0,0,0.21124044,0.23414573,0
sub-HUP164_ses-presurgery_task-interictal_acq-seeg_run-02,19.0,22.0,0,0.20502132,0.21332902,0
sub-HUP164_ses-presurgery_task-interictal_acq-seeg_run-02,20.0,23.0,0,0.20119984,0.20113407,0
sub-HUP164_ses-presurgery_task-interictal_acq-seeg_run-02,21.0,24.0,0,0.20064485,0.1975661,0
sub-HUP164_ses-presurgery_task-interictal_acq-seeg_run-02,22.0,25.0,0,0.1875638,0.19365394,0
sub-HUP164_ses-presurgery_task-interictal_acq-seeg_run-02,23.0,26.0,0,0.1934007,0.19147599,0
sub-HUP164_ses-presurgery_task-interictal_acq-seeg_run-02,24.0,27.0,0,0.18546054,0.18750046,0
sub-HUP164_ses-presurgery_task-interictal_acq-seeg_run-02,25.0,28.0,0,0.19031,0.18815307,0
sub-HUP164_ses-presurgery_task-interictal_acq-seeg_run-02,26.0,29.0,0,0.18076727,0.18816106,0
sub-HUP164_ses-presurgery_task-interictal_acq-seeg_run-02,27.0,30.0,0,0.19082686,0.19150954,0
sub-HUP164_ses-presurgery_task-interictal_acq-seeg_run-02,28.0,31.0,0,0.19344063,0.19569087,0
sub-HUP164_ses-presurgery_task-interictal_acq-seeg_run-02,29.0,32.0,0,0.20220293,0.20102204,0
sub-HUP164_ses-presurgery_task-interictal_acq-seeg_run-02,30.0,33.0,0,0.21121666,0.20203474,0
sub-HUP164_ses-presurgery_task-interictal_acq-seeg_run-02,31.0,34.0,0,0.20742309,0.20188272,0
sub-HUP164_ses-presurgery_task-interictal_acq-seeg_run-02,32.0,35.0,0,0.19589034,0.20061074,0
sub-HUP164_ses-presurgery_task-interictal_acq-seeg_run-02,33.0,36.0,0,0.19268051,0.20968309,0
sub-HUP164_ses-presurgery_task-interictal_acq-seeg_run-02,34.0,37.0,0,0.19584307,0.22779587,0
sub-HUP164_ses-presurgery_task-interictal_acq-seeg_run-02,35.0,38.0,0,0.2565784,0.25348476,1
sub-HUP164_ses-presurgery_task-interictal_acq-seeg_run-02,36.0,39.0,0,0.29798704,0.27665734,1
sub-HUP164_ses-presurgery_task-interictal_acq-seeg_run-02,37.0,40.0,0,0.3243348,0.2902889,1
sub-HUP164_ses-presurgery_task-interictal_acq-seeg_run-02,38.0,41.0,0,0.30854347,0.2785661,1
sub-HUP164_ses-presurgery_task-interictal_acq-seeg_run-02,39.0,42.0,0,0.26400077,0.2573911,1
sub-HUP164_ses-presurgery_task-interictal_acq-seeg_run-02,40.0,43.0,0,0.1979643,0.22921138,0
sub-HUP164_ses-presurgery_task-interictal_acq-seeg_run-02,41.0,44.0,0,0.19211222,0.20376635,0
sub-HUP164_ses-presurgery_task-interictal_acq-seeg_run-02,42.0,45.0,0,0.18343604,0.1864061,0
sub-HUP164_ses-presurgery_task-interictal_acq-seeg_run-02,43.0,46.0,0,0.18131839,0.18412915,0
sub-HUP164_ses-presurgery_task-interictal_acq-seeg_run-02,44.0,47.0,0,0.17719957,0.18437575,0
sub-HUP164_ses-presurgery_task-interictal_acq-seeg_run-02,45.0,48.0,0,0.18657956,0.18590906,0
sub-HUP164_ses-presurgery_task-interictal_acq-seeg_run-02,46.0,49.0,0,0.19334514,0.1869438,0
sub-HUP164_ses-presurgery_task-interictal_acq-seeg_run-02,47.0,50.0,0,0.1911026,0.18826413,0
sub-HUP164_ses-presurgery_task-interictal_acq-seeg_run-02,48.0,51.0,0,0.18649204,0.18781883,0
sub-HUP164_ses-presurgery_task-interictal_acq-seeg_run-02,49.0,52.0,0,0.18380125,0.18566374,0
sub-HUP164_ses-presurgery_task-interictal_acq-seeg_run-02,50.0,53.0,0,0.18435308,0.18439841,0
sub-HUP164_ses-presurgery_task-interictal_acq-seeg_run-02,51.0,54.0,0,0.18256974,0.18479586,0
sub-HUP164_ses-presurgery_task-interictal_acq-seeg_run-02,52.0,55.0,0,0.18477592,0.18628487,0
sub-HUP164_ses-presurgery_task-interictal_acq-seeg_run-02,53.0,56.0,0,0.18847927,0.18726943,0
sub-HUP164_ses-presurgery_task-interictal_acq-seeg_run-02,54.0,57.0,0,0.19124626,0.18702552,0
sub-HUP164_ses-presurgery_task-interictal_acq-seeg_run-02,55.0,58.0,0,0.18927597,0.18716104,0
sub-HUP164_ses-presurgery_task-interictal_acq-seeg_run-02,56.0,59.0,0,0.1813502,0.18677498,0
sub-HUP164_ses-presurgery_task-interictal_acq-seeg_run-02,57.0,60.0,0,0.1854535,0.18560617,0
sub-HUP164_ses-presurgery_task-interictal_acq-seeg_run-02,58.0,61.0,0,0.18654896,0.18545228,0
sub-HUP164_ses-presurgery_task-interictal_acq-seeg_run-02,59.0,62.0,0,0.18540217,0.18654558,0
sub-HUP164_ses-presurgery_task-interictal_acq-seeg_run-02,60.0,63.0,0,0.18850651,0.18871221,0
sub-HUP164_ses-presurgery_task-interictal_acq-seeg_run-02,61.0,64.0,0,0.18681675,0.19373596,0
sub-HUP164_ses-presurgery_task-interictal_acq-seeg_run-02,62.0,65.0,0,0.19628666,0.20813659,0
sub-HUP164_ses-presurgery_task-interictal_acq-seeg_run-02,63.0,66.0,0,0.21166775,0.22100346,0
sub-HUP164_ses-presurgery_task-interictal_acq-seeg_run-02,64.0,67.0,0,0.25740522,0.2327396,0
sub-HUP164_ses-presurgery_task-interictal_acq-seeg_run-02,65.0,68.0,0,0.2528409,0.24445209,0
sub-HUP164_ses-presurgery_task-interictal_acq-seeg_run-02,66.0,69.0,0,0.2454974,0.25806442,1
sub-HUP164_ses-presurgery_task-interictal_acq-seeg_run-02,67.0,70.0,0,0.2548492,0.2591982,1
sub-HUP164_ses-presurgery_task-interictal_acq-seeg_run-02,68.0,71.0,0,0.2797293,0.25708085,1
sub-HUP164_ses-presurgery_task-interictal_acq-seeg_run-02,69.0,72.0,0,0.26307416,0.25825155,1
sub-HUP164_ses-presurgery_task-interictal_acq-seeg_run-02,70.0,73.0,0,0.2422542,0.264399,1
sub-HUP164_ses-presurgery_task-interictal_acq-seeg_run-02,71.0,74.0,0,0.25135088,0.26814023,1
sub-HUP164_ses-presurgery_task-interictal_acq-seeg_run-02,72.0,75.0,0,0.28558645,0.26518372,1
sub-HUP164_ses-presurgery_task-interictal_acq-seeg_run-02,73.0,76.0,0,0.2984354,0.25916424,1
sub-HUP164_ses-presurgery_task-interictal_acq-seeg_run-02,74.0,77.0,0,0.24829169,0.25022998,1
sub-HUP164_ses-presurgery_task-interictal_acq-seeg_run-02,75.0,78.0,0,0.21215683,0.23392516,0
sub-HUP164_ses-presurgery_task-interictal_acq-seeg_run-02,76.0,79.0,0,0.20667961,0.2154646,0
sub-HUP164_ses-presurgery_task-interictal_acq-seeg_run-02,77.0,80.0,0,0.20406225,0.20648077,0
sub-HUP164_ses-presurgery_task-interictal_acq-seeg_run-02,78.0,81.0,0,0.20613268,0.2040052,0
sub-HUP164_ses-presurgery_task-interictal_acq-seeg_run-02,79.0,82.0,0,0.20337246,0.2025049,0
sub-HUP164_ses-presurgery_task-interictal_acq-seeg_run-02,80.0,83.0,0,0.19977897,0.19933955,0
sub-HUP164_ses-presurgery_task-interictal_acq-seeg_run-02,81.0,84.0,0,0.19917816,0.19510064,0
sub-HUP164_ses-presurgery_task-interictal_acq-seeg_run-02,82.0,85.0,0,0.18823546,0.19236037,0
sub-HUP164_ses-presurgery_task-interictal_acq-seeg_run-02,83.0,86.0,0,0.18493807,0.19102643,0
sub-HUP164_ses-presurgery_task-interictal_acq-seeg_run-02,84.0,87.0,0,0.18967113,0.19203384,0
sub-HUP164_ses-presurgery_task-interictal_acq-seeg_run-02,85.0,88.0,0,0.19310926,0.19496198,0
sub-HUP164_ses-presurgery_task-interictal_acq-seeg_run-02,86.0,89.0,0,0.20421527,0.19861223,0
sub-HUP164_ses-presurgery_task-interictal_acq-seeg_run-02,87.0,90.0,0,0.20287618,0.199994,0
sub-HUP164_ses-presurgery_task-interictal_acq-seeg_run-02,88.0,91.0,0,0.20318933,0.20002979,0
sub-HUP164_ses-presurgery_task-interictal_acq-seeg_run-02,89.0,92.0,0,0.19657987,0.1982873,0
sub-HUP164_ses-presurgery_task-interictal_acq-seeg_run-02,90.0,93.0,0,0.19328834,0.20151918,0
sub-HUP164_ses-presurgery_task-interictal_acq-seeg_run-02,91.0,94.0,0,0.1955027,0.2096248,0
sub-HUP164_ses-presurgery_task-interictal_acq-seeg_run-02,92.0,95.0,0,0.2190356,0.21980447,0
sub-HUP164_ses-presurgery_task-interictal_acq-seeg_run-02,93.0,96.0,0,0.24371739,0.22391881,0
sub-HUP164_ses-presurgery_task-interictal_acq-seeg_run-02,94.0,97.0,0,0.2474783,0.2270788,0
sub-HUP164_ses-presurgery_task-interictal_acq-seeg_run-02,95.0,98.0,0,0.21386006,0.22820655,0
sub-HUP164_ses-presurgery_task-interictal_acq-seeg_run-02,96.0,99.0,0,0.21130265,0.23253073,0
sub-HUP164_ses-presurgery_task-interictal_acq-seeg_run-02,97.0,100.0,0,0.22467431,0.24420765,0
sub-HUP164_ses-presurgery_task-interictal_acq-seeg_run-02,98.0,101.0,0,0.26533827,0.26802683,1
sub-HUP164_ses-presurgery_task-interictal_acq-seeg_run-02,99.0,102.0,0,0.3058629,0.28670356,1
sub-HUP164_ses-presurgery_task-interictal_acq-seeg_run-02,100.0,103.0,0,0.332956,0.29430258,1
sub-HUP164_ses-presurgery_task-interictal_acq-seeg_run-02,101.0,104.0,0,0.30468625,0.28335154,1
sub-HUP164_ses-presurgery_task-interictal_acq-seeg_run-02,102.0,105.0,0,0.2626694,0.26211798,1
sub-HUP164_ses-presurgery_task-interictal_acq-seeg_run-02,103.0,106.0,0,0.21058309,0.23526892,0
sub-HUP164_ses-presurgery_task-interictal_acq-seeg_run-02,104.0,107.0,0,0.19969516,0.2152955,0
sub-HUP164_ses-presurgery_task-interictal_acq-seeg_run-02,105.0,108.0,0,0.19871059,0.20474696,0
sub-HUP164_ses-presurgery_task-interictal_acq-seeg_run-02,106.0,109.0,0,0.2048191,0.2049988,0
sub-HUP164_ses-presurgery_task-interictal_acq-seeg_run-02,107.0,110.0,0,0.2099268,0.20580056,0
sub-HUP164_ses-presurgery_task-interictal_acq-seeg_run-02,108.0,111.0,0,0.21184236,0.20665646,0
sub-HUP164_ses-presurgery_task-interictal_acq-seeg_run-02,109.0,112.0,0,0.2037039,0.20685083,0
sub-HUP164_ses-presurgery_task-interictal_acq-seeg_run-02,110.0,113.0,0,0.20299017,0.2066105,0
sub-HUP164_ses-presurgery_task-interictal_acq-seeg_run-02,111.0,114.0,0,0.20579082,0.20679472,0
sub-HUP164_ses-presurgery_task-interictal_acq-seeg_run-02,112.0,115.0,0,0.20872527,0.20755796,0
sub-HUP164_ses-presurgery_task-interictal_acq-seeg_run-02,113.0,116.0,0,0.21276346,0.2111201,0
sub-HUP164_ses-presurgery_task-interictal_acq-seeg_run-02,114.0,117.0,0,0.20752005,0.2156718,0
sub-HUP164_ses-presurgery_task-interictal_acq-seeg_run-02,115.0,118.0,0,0.22080082,0.22398758,0
sub-HUP164_ses-presurgery_task-interictal_acq-seeg_run-02,116.0,119.0,0,0.22854929,0.2288561,0
sub-HUP164_ses-presurgery_task-interictal_acq-seeg_run-02,117.0,120.0,0,0.25030428,0.23774853,0
sub-HUP164_ses-presurgery_task-interictal_acq-seeg_run-02,118.0,121.0,0,0.23710607,0.24780288,0
sub-HUP164_ses-presurgery_task-interictal_acq-seeg_run-02,119.0,122.0,0,0.25198224,0.2612307,1
sub-HUP164_ses-presurgery_task-interictal_acq-seeg_run-02,120.0,123.0,0,0.2710725,0.26919672,1
sub-HUP164_ses-presurgery_task-interictal_acq-seeg_run-02,121.0,124.0,0,0.29568833,0.27930817,1
sub-HUP164_ses-presurgery_task-interictal_acq-seeg_run-02,122.0,125.0,0,0.29013437,0.28822812,1
sub-HUP164_ses-presurgery_task-interictal_acq-seeg_run-02,123.0,126.0,0,0.28766328,0.29263967,1
sub-HUP164_ses-presurgery_task-interictal_acq-seeg_run-02,124.0,127.0,0,0.29658207,0.28540218,1
sub-HUP164_ses-presurgery_task-interictal_acq-seeg_run-02,125.0,128.0,0,0.29313025,0.2683447,1
sub-HUP164_ses-presurgery_task-interictal_acq-seeg_run-02,126.0,129.0,0,0.2595009,0.25119424,1
sub-HUP164_ses-presurgery_task-interictal_acq-seeg_run-02,127.0,130.0,0,0.20484698,0.23019323,0
sub-HUP164_ses-presurgery_task-interictal_acq-seeg_run-02,128.0,131.0,0,0.20191097,0.20931485,0
sub-HUP164_ses-presurgery_task-interictal_acq-seeg_run-02,129.0,132.0,0,0.19157696,0.193783,0
sub-HUP164_ses-presurgery_task-interictal_acq-seeg_run-02,130.0,133.0,0,0.18873836,0.1908791,0
sub-HUP164_ses-presurgery_task-interictal_acq-seeg_run-02,131.0,134.0,0,0.18184167,0.18748337,0
sub-HUP164_ses-presurgery_task-interictal_acq-seeg_run-02,132.0,135.0,0,0.19032751,0.18552268,0
sub-HUP164_ses-presurgery_task-interictal_acq-seeg_run-02,133.0,136.0,0,0.18493226,0.18603843,0
sub-HUP164_ses-presurgery_task-interictal_acq-seeg_run-02,134.0,137.0,0,0.18177348,0.19759046,0
sub-HUP164_ses-presurgery_task-interictal_acq-seeg_run-02,135.0,138.0,0,0.19131723,0.21031561,0
sub-HUP164_ses-presurgery_task-interictal_acq-seeg_run-02,136.0,139.0,0,0.23960179,0.22476223,0
sub-HUP164_ses-presurgery_task-interictal_acq-seeg_run-02,137.0,140.0,0,0.25395337,0.24217737,0
sub-HUP164_ses-presurgery_task-interictal_acq-seeg_run-02,138.0,141.0,0,0.25716525,0.25479013,1
sub-HUP164_ses-presurgery_task-interictal_acq-seeg_run-02,139.0,142.0,0,0.26884913,0.24887864,0
sub-HUP164_ses-presurgery_task-interictal_acq-seeg_run-02,140.0,143.0,0,0.25438115,0.23739347,0
sub-HUP164_ses-presurgery_task-interictal_acq-seeg_run-02,141.0,144.0,0,0.2100443,0.22538653,0
sub-HUP164_ses-presurgery_task-interictal_acq-seeg_run-02,142.0,145.0,0,0.19652748,0.21671562,0
sub-HUP164_ses-presurgery_task-interictal_acq-seeg_run-02,143.0,146.0,0,0.19713058,0.22031446,0
sub-HUP164_ses-presurgery_task-interictal_acq-seeg_run-02,144.0,147.0,0,0.22549455,0.23222268,0
sub-HUP164_ses-presurgery_task-interictal_acq-seeg_run-02,145.0,148.0,0,0.27237532,0.2467726,0
sub-HUP164_ses-presurgery_task-interictal_acq-seeg_run-02,146.0,149.0,0,0.26958537,0.2608748,1
sub-HUP164_ses-presurgery_task-interictal_acq-seeg_run-02,147.0,150.0,0,0.26927716,0.27065665,1
sub-HUP164_ses-presurgery_task-interictal_acq-seeg_run-02,148.0,151.0,0,0.26764166,0.2675676,1
sub-HUP164_ses-presurgery_task-interictal_acq-seeg_run-02,149.0,152.0,0,0.27440366,0.2581635,1
sub-HUP164_ses-presurgery_task-interictal_acq-seeg_run-02,150.0,153.0,0,0.2569301,0.24507162,0
sub-HUP164_ses-presurgery_task-interictal_acq-seeg_run-02,151.0,154.0,0,0.22256494,0.23050128,0
sub-HUP164_ses-presurgery_task-interictal_acq-seeg_run-02,152.0,155.0,0,0.2038177,0.21480319,0
sub-HUP164_ses-presurgery_task-interictal_acq-seeg_run-02,153.0,156.0,0,0.19478993,0.20392625,0
sub-HUP164_ses-presurgery_task-interictal_acq-seeg_run-02,154.0,157.0,0,0.19591321,0.20146385,0
sub-HUP164_ses-presurgery_task-interictal_acq-seeg_run-02,155.0,158.0,0,0.20254545,0.20225114,0
sub-HUP164_ses-presurgery_task-interictal_acq-seeg_run-02,156.0,159.0,0,0.2102529,0.20431142,0
sub-HUP164_ses-presurgery_task-interictal_acq-seeg_run-02,157.0,160.0,0,0.20775412,0.20634598,0
sub-HUP164_ses-presurgery_task-interictal_acq-seeg_run-02,158.0,161.0,0,0.2050913,0.20710985,0
sub-HUP164_ses-presurgery_task-interictal_acq-seeg_run-02,159.0,162.0,0,0.20608601,0.20713495,0
sub-HUP164_ses-presurgery_task-interictal_acq-seeg_run-02,160.0,163.0,0,0.20636493,0.20877369,0
sub-HUP164_ses-presurgery_task-interictal_acq-seeg_run-02,161.0,164.0,0,0.21037838,0.21647394,0
sub-HUP164_ses-presurgery_task-interictal_acq-seeg_run-02,162.0,165.0,0,0.21594779,0.21778184,0
sub-HUP164_ses-presurgery_task-interictal_acq-seeg_run-02,163.0,166.0,0,0.24359258,0.2186687,0
sub-HUP164_ses-presurgery_task-interictal_acq-seeg_run-02,164.0,167.0,0,0.21262553,0.21845388,0
sub-HUP164_ses-presurgery_task-interictal_acq-seeg_run-02,165.0,168.0,0,0.21079917,0.22670934,0
sub-HUP164_ses-presurgery_task-interictal_acq-seeg_run-02,166.0,169.0,0,0.20930433,0.23760742,0
sub-HUP164_ses-presurgery_task-interictal_acq-seeg_run-02,167.0,170.0,0,0.25722507,0.25580835,1
sub-HUP164_ses-presurgery_task-interictal_acq-seeg_run-02,168.0,171.0,0,0.29808295,0.2733624,1
sub-HUP164_ses-presurgery_task-interictal_acq-seeg_run-02,169.0,172.0,0,0.3036302,0.28651917,1
sub-HUP164_ses-presurgery_task-interictal_acq-seeg_run-02,170.0,173.0,0,0.2985694,0.2821167,1
sub-HUP164_ses-presurgery_task-interictal_acq-seeg_run-02,171.0,174.0,0,0.27508813,0.2634575,1
sub-HUP164_ses-presurgery_task-interictal_acq-seeg_run-02,172.0,175.0,0,0.23521294,0.24326846,0
sub-HUP164_ses-presurgery_task-interictal_acq-seeg_run-02,173.0,176.0,0,0.20478676,0.22324327,0
sub-HUP164_ses-presurgery_task-interictal_acq-seeg_run-02,174.0,177.0,0,0.20268495,0.2104263,0
sub-HUP164_ses-presurgery_task-interictal_acq-seeg_run-02,175.0,178.0,0,0.19844353,0.20831616,0
sub-HUP164_ses-presurgery_task-interictal_acq-seeg_run-02,176.0,179.0,0,0.21100323,0.21421587,0
sub-HUP164_ses-presurgery_task-interictal_acq-seeg_run-02,177.0,180.0,0,0.22466235,0.21641913,0
sub-HUP164_ses-presurgery_task-interictal_acq-seeg_run-02,178.0,181.0,0,0.23428531,0.21719725,0
sub-HUP164_ses-presurgery_task-interictal_acq-seeg_run-02,179.0,182.0,0,0.21370131,0.21481203,0
sub-HUP164_ses-presurgery_task-interictal_acq-seeg_run-02,180.0,183.0,0,0.20233397,0.20832999,0
sub-HUP164_ses-presurgery_task-interictal_acq-seeg_run-02,181.0,184.0,0,0.1990771,0.20186578,0
sub-HUP164_ses-presurgery_task-interictal_acq-seeg_run-02,182.0,185.0,0,0.19225219,0.20851469,0
sub-HUP164_ses-presurgery_task-interictal_acq-seeg_run-02,183.0,186.0,0,0.20196432,0.21943745,0
sub-HUP164_ses-presurgery_task-interictal_acq-seeg_run-02,184.0,187.0,0,0.24694581,0.22978255,0
sub-HUP164_ses-presurgery_task-interictal_acq-seeg_run-02,185.0,188.0,0,0.25694782,0.24654764,0
sub-HUP164_ses-presurgery_task-interictal_acq-seeg_run-02,186.0,189.0,0,0.2508026,0.2592724,1
sub-HUP164_ses-presurgery_task-interictal_acq-seeg_run-02,187.0,190.0,0,0.27607763,0.25916415,1
sub-HUP164_ses-presurgery_task-interictal_acq-seeg_run-02,188.0,191.0,0,0.26558813,0.2512661,1
sub-HUP164_ses-presurgery_task-interictal_acq-seeg_run-02,189.0,192.0,0,0.24640454,0.24294092,0
sub-HUP164_ses-presurgery_task-interictal_acq-seeg_run-02,190.0,193.0,0,0.21745747,0.22979192,0
sub-HUP164_ses-presurgery_task-interictal_acq-seeg_run-02,191.0,194.0,0,0.20917678,0.22054201,0
sub-HUP164_ses-presurgery_task-interictal_acq-seeg_run-02,192.0,195.0,0,0.21033272,0.21874398,0
sub-HUP164_ses-presurgery_task-interictal_acq-seeg_run-02,193.0,196.0,0,0.21933855,0.22780508,0
sub-HUP164_ses-presurgery_task-interictal_acq-seeg_run-02,194.0,197.0,0,0.2374144,0.2380701,0
sub-HUP164_ses-presurgery_task-interictal_acq-seeg_run-02,195.0,198.0,0,0.262763,0.24187842,0
sub-HUP164_ses-presurgery_task-interictal_acq-seeg_run-02,196.0,199.0,0,0.26050186,0.24098246,0
sub-HUP164_ses-presurgery_task-interictal_acq-seeg_run-02,197.0,200.0,0,0.22937422,0.23744093,0
sub-HUP164_ses-presurgery_task-interictal_acq-seeg_run-02,198.0,201.0,0,0.21485877,0.23726308,0
sub-HUP164_ses-presurgery_task-interictal_acq-seeg_run-02,199.0,202.0,0,0.21970671,0.24569803,0
sub-HUP164_ses-presurgery_task-interictal_acq-seeg_run-02,200.0,203.0,0,0.2618738,0.2624914,1
sub-HUP164_ses-presurgery_task-interictal_acq-seeg_run-02,201.0,204.0,0,0.30267662,0.2780034,1
sub-HUP164_ses-presurgery_task-interictal_acq-seeg_run-02,202.0,205.0,0,0.31334117,0.28674036,1
sub-HUP164_ses-presurgery_task-interictal_acq-seeg_run-02,203.0,206.0,0,0.29241872,0.2772064,1
sub-HUP164_ses-presurgery_task-interictal_acq-seeg_run-02,204.0,207.0,0,0.26339146,0.25774136,1
sub-HUP164_ses-presurgery_task-interictal_acq-seeg_run-02,205.0,208.0,0,0.21420395,0.23546675,0
sub-HUP164_ses-presurgery_task-interictal_acq-seeg_run-02,206.0,209.0,0,0.20535144,0.21664064,0
sub-HUP164_ses-presurgery_task-interictal_acq-seeg_run-02,207.0,210.0,0,0.20196807,0.20206782,0
sub-HUP164_ses-presurgery_task-interictal_acq-seeg_run-02,208.0,211.0,0,0.19828819,0.19686347,0
sub-HUP164_ses-presurgery_task-interictal_acq-seeg_run-02,209.0,212.0,0,0.19052747,0.19465187,0
sub-HUP164_ses-presurgery_task-interictal_acq-seeg_run-02,210.0,213.0,0,0.18818215,0.19377452,0
sub-HUP164_ses-presurgery_task-interictal_acq-seeg_run-02,211.0,214.0,0,0.19429342,0.1928127,0
sub-HUP164_ses-presurgery_task-interictal_acq-seeg_run-02,212.0,215.0,0,0.19758137,0.1939005,0
sub-HUP164_ses-presurgery_task-interictal_acq-seeg_run-02,213.0,216.0,0,0.19347906,0.19897394,0
sub-HUP164_ses-presurgery_task-interictal_acq-seeg_run-02,214.0,217.0,0,0.19596653,0.20426899,0
sub-HUP164_ses-presurgery_task-interictal_acq-seeg_run-02,215.0,218.0,0,0.21354929,0.21101527,0
sub-HUP164_ses-presurgery_task-interictal_acq-seeg_run-02,216.0,219.0,0,0.22076872,0.21813102,0
sub-HUP164_ses-presurgery_task-interictal_acq-seeg_run-02,217.0,220.0,0,0.23131274,0.22609247,0
sub-HUP164_ses-presurgery_task-interictal_acq-seeg_run-02,218.0,221.0,0,0.2290578,0.22257277,0
sub-HUP164_ses-presurgery_task-interictal_acq-seeg_run-02,219.0,222.0,0,0.23577377,0.21609157,0
sub-HUP164_ses-presurgery_task-interictal_acq-seeg_run-02,220.0,223.0,0,0.19595078,0.2071166,0
sub-HUP164_ses-presurgery_task-interictal_acq-seeg_run-02,221.0,224.0,0,0.18836273,0.19836167,0
sub-HUP164_ses-presurgery_task-interictal_acq-seeg_run-02,222.0,225.0,0,0.18643792,0.18953255,0
sub-HUP164_ses-presurgery_task-interictal_acq-seeg_run-02,223.0,226.0,0,0.18528311,0.19679323,0
sub-HUP164_ses-presurgery_task-interictal_acq-seeg_run-02,224.0,227.0,0,0.1916282,0.21661901,0
sub-HUP164_ses-presurgery_task-interictal_acq-seeg_run-02,225.0,228.0,0,0.23225422,0.23714688,0
sub-HUP164_ses-presurgery_task-interictal_acq-seeg_run-02,226.0,229.0,0,0.28749168,0.2538496,1
sub-HUP164_ses-presurgery_task-interictal_acq-seeg_run-02,227.0,230.0,0,0.28907713,0.26447204,1
sub-HUP164_ses-presurgery_task-interictal_acq-seeg_run-02,228.0,231.0,0,0.26879674,0.26280144,1
sub-HUP164_ses-presurgery_task-interictal_acq-seeg_run-02,229.0,232.0,0,0.24474034,0.24963152,0
sub-HUP164_ses-presurgery_task-interictal_acq-seeg_run-02,230.0,233.0,0,0.22390132,0.23798439,0
sub-HUP164_ses-presurgery_task-interictal_acq-seeg_run-02,231.0,234.0,0,0.22164202,0.23328233,0
sub-HUP164_ses-presurgery_task-interictal_acq-seeg_run-02,232.0,235.0,0,0.23084146,0.22887793,0
sub-HUP164_ses-presurgery_task-interictal_acq-seeg_run-02,233.0,236.0,0,0.24528642,0.22620936,0
sub-HUP164_ses-presurgery_task-interictal_acq-seeg_run-02,234.0,237.0,0,0.22271843,0.22626424,0
sub-HUP164_ses-presurgery_task-interictal_acq-seeg_run-02,235.0,238.0,0,0.21055849,0.23050088,0
sub-HUP164_ses-presurgery_task-interictal_acq-seeg_run-02,236.0,239.0,0,0.22191633,0.23644218,0
sub-HUP164_ses-presurgery_task-interictal_acq-seeg_run-02,237.0,240.0,0,0.25202465,0.24410455,0
sub-HUP164_ses-presurgery_task-interictal_acq-seeg_run-02,238.0,241.0,0,0.27499294,0.24776202,0
sub-HUP164_ses-presurgery_task-interictal_acq-seeg_run-02,239.0,242.0,0,0.2610303,0.24519736,0
sub-HUP164_ses-presurgery_task-interictal_acq-seeg_run-02,240.0,243.0,0,0.22884592,0.2342495,0
sub-HUP164_ses-presurgery_task-interictal_acq-seeg_run-02,241.0,244.0,0,0.20909294,0.2186351,0
sub-HUP164_ses-presurgery_task-interictal_acq-seeg_run-02,242.0,245.0,0,0.19728537,0.20703365,0
sub-HUP164_ses-presurgery_task-interictal_acq-seeg_run-02,243.0,246.0,0,0.196921,0.20684855,0
sub-HUP164_ses-presurgery_task-interictal_acq-seeg_run-02,244.0,247.0,0,0.20302294,0.21570365,0
sub-HUP164_ses-presurgery_task-interictal_acq-seeg_run-02,245.0,248.0,0,0.22792046,0.22631279,0
sub-HUP164_ses-presurgery_task-interictal_acq-seeg_run-02,246.0,249.0,0,0.25336847,0.23419541,0
sub-HUP164_ses-presurgery_task-interictal_acq-seeg_run-02,247.0,250.0,0,0.25033104,0.238985,0
sub-HUP164_ses-presurgery_task-interictal_acq-seeg_run-02,248.0,251.0,0,0.23633423,0.24066624,0
sub-HUP164_ses-presurgery_task-interictal_acq-seeg_run-02,249.0,252.0,0,0.22697079,0.2448369,0
sub-HUP164_ses-presurgery_task-interictal_acq-seeg_run-02,250.0,253.0,0,0.23632656,0.25409362,1
sub-HUP164_ses-presurgery_task-interictal_acq-seeg_run-02,251.0,254.0,0,0.27422178,0.26756406,1
sub-HUP164_ses-presurgery_task-interictal_acq-seeg_run-02,252.0,255.0,0,0.2966148,0.26860648,1
sub-HUP164_ses-presurgery_task-interictal_acq-seeg_run-02,253.0,256.0,0,0.3036864,0.2626962,1
sub-HUP164_ses-presurgery_task-interictal_acq-seeg_run-02,254.0,257.0,0,0.23218292,0.24837746,0
sub-HUP164_ses-presurgery_task-interictal_acq-seeg_run-02,255.0,258.0,0,0.2067751,0.23059951,0
sub-HUP164_ses-presurgery_task-interictal_acq-seeg_run-02,256.0,259.0,0,0.202628,0.21100242,0
sub-HUP164_ses-presurgery_task-interictal_acq-seeg_run-02,257.0,260.0,0,0.20772511,0.20551461,0
sub-HUP164_ses-presurgery_task-interictal_acq-seeg_run-02,258.0,261.0,0,0.20570101,0.20539175,0
sub-HUP164_ses-presurgery_task-interictal_acq-seeg_run-02,259.0,262.0,0,0.2047438,0.21162535,0
sub-HUP164_ses-presurgery_task-interictal_acq-seeg_run-02,260.0,263.0,0,0.20616086,0.21820466,0
sub-HUP164_ses-presurgery_task-interictal_acq-seeg_run-02,261.0,264.0,0,0.233796,0.22117981,0
sub-HUP164_ses-presurgery_task-interictal_acq-seeg_run-02,262.0,265.0,0,0.24062166,0.21871397,0
sub-HUP164_ses-presurgery_task-interictal_acq-seeg_run-02,263.0,266.0,0,0.2205767,0.21596597,0
sub-HUP164_ses-presurgery_task-interictal_acq-seeg_run-02,264.0,267.0,0,0.19241466,0.2093247,0
sub-HUP164_ses-presurgery_task-interictal_acq-seeg_run-02,265.0,268.0,0,0.19242087,0.21088436,0
sub-HUP164_ses-presurgery_task-interictal_acq-seeg_run-02,266.0,269.0,0,0.20058958,0.22063103,0
sub-HUP164_ses-presurgery_task-interictal_acq-seeg_run-02,267.0,270.0,0,0.24842003,0.24065134,0
sub-HUP164_ses-presurgery_task-interictal_acq-seeg_run-02,268.0,271.0,0,0.26931,0.26111683,1
sub-HUP164_ses-presurgery_task-interictal_acq-seeg_run-02,269.0,272.0,0,0.29251617,0.2783481,1
sub-HUP164_ses-presurgery_task-interictal_acq-seeg_run-02,270.0,273.0,0,0.29474834,0.27993056,1
sub-HUP164_ses-presurgery_task-interictal_acq-seeg_run-02,271.0,274.0,0,0.28674588,0.27326325,1
sub-HUP164_ses-presurgery_task-interictal_acq-seeg_run-02,272.0,275.0,0,0.25633243,0.2575239,1
sub-HUP164_ses-presurgery_task-interictal_acq-seeg_run-02,273.0,276.0,0,0.23597331,0.24011528,0
sub-HUP164_ses-presurgery_task-interictal_acq-seeg_run-02,274.0,277.0,0,0.21381953,0.22379188,0
sub-HUP164_ses-presurgery_task-interictal_acq-seeg_run-02,275.0,278.0,0,0.20770526,0.21225266,0
sub-HUP164_ses-presurgery_task-interictal_acq-seeg_run-02,276.0,279.0,0,0.20512885,0.20460162,0
sub-HUP164_ses-presurgery_task-interictal_acq-seeg_run-02,277.0,280.0,0,0.19863634,0.20691203,0
sub-HUP164_ses-presurgery_task-interictal_acq-seeg_run-02,278.0,281.0,0,0.19771804,0.22552165,0
sub-HUP164_ses-presurgery_task-interictal_acq-seeg_run-02,279.0,282.0,0,0.22537161,0.24371988,0
sub-HUP164_ses-presurgery_task-interictal_acq-seeg_run-02,280.0,283.0,0,0.3007534,0.25710455,1
sub-HUP164_ses-presurgery_task-interictal_acq-seeg_run-02,281.0,284.0,0,0.29611993,0.26389,1
sub-HUP164_ses-presurgery_task-interictal_acq-seeg_run-02,282.0,285.0,0,0.2655597,0.26442295,1
sub-HUP164_ses-presurgery_task-interictal_acq-seeg_run-02,283.0,286.0,0,0.23164529,0.25295395,1
sub-HUP164_ses-presurgery_task-interictal_acq-seeg_run-02,284.0,287.0,0,0.22803645,0.24948433,0
sub-HUP164_ses-presurgery_task-interictal_acq-seeg_run-02,285.0,288.0,0,0.2434083,0.25627232,1
sub-HUP164_ses-presurgery_task-interictal_acq-seeg_run-02,286.0,289.0,0,0.27877185,0.26099172,1
sub-HUP164_ses-presurgery_task-interictal_acq-seeg_run-02,287.0,290.0,0,0.2994997,0.25922224,1
sub-HUP164_ses-presurgery_task-interictal_acq-seeg_run-02,288.0,291.0,0,0.25524226,0.25107655,1
sub-HUP164_ses-presurgery_task-interictal_acq-seeg_run-02,289.0,292.0,0,0.21918903,0.23369528,0
sub-HUP164_ses-presurgery_task-interictal_acq-seeg_run-02,290.0,293.0,0,0.2026799,0.21395648,0
sub-HUP164_ses-presurgery_task-interictal_acq-seeg_run-02,291.0,294.0,0,0.19186546,0.20294146,0
sub-HUP164_ses-presurgery_task-interictal_acq-seeg_run-02,292.0,295.0,0,0.20080563,0.19926417,0
sub-HUP164_ses-presurgery_task-interictal_acq-seeg_run-02,293.0,296.0,0,0.20016722,0.19857639,0
sub-HUP164_ses-presurgery_task-interictal_acq-seeg_run-02,294.0,297.0,0,0.20080258,0.19908251,0
sub-HUP164_ses-presurgery_task-interictal_acq-seeg_run-02,295.0,298.0,0,0.19924104,0.19835399,0
sub-HUP164_ses-presurgery_task-interictal_acq-seeg_run-02,296.0,299.0,0,0.194396,0.19775316,0
sub-HUP164_ses-presurgery_task-interictal_acq-seeg_run-02,297.0,300.0,0,0.19716309,0.19702525,0
